epoch,train_loss,val_loss,train_diff,train_phys,train_bin
0,0.5957024206433977,0.48336258141199745,0.4108580410821097,0.362550815650395,0.07137942163433347
1,0.4036351552009583,0.3634463705221812,0.22974554058483668,0.3427580770765032,0.050211558022669384
2,0.3498217480863844,0.37090966693560284,0.184359489270619,0.32658805067198615,0.04336467791029385
3,0.32321958058221,0.3364698187510173,0.16116165450641087,0.3202236798490797,0.038921711138316564
4,0.3123661849498749,0.3132932858467102,0.15312935332741057,0.3147064268248422,0.03767236728327615
5,0.29249088982173377,0.3176751099427541,0.13817732271126337,0.3052012104988098,0.03425924257934093
6,0.2913491452080863,0.29981375455856324,0.1368719059739794,0.3055456006867545,0.03408880103592362
7,0.2862855781827654,0.2885423910617828,0.1324541551726205,0.30437089610099793,0.03291950804846627
8,0.2791056061131614,0.2835860353310903,0.12761359230109623,0.29981444472926005,0.03169583323597908
9,0.2702354582377843,0.28516912937164307,0.1201830221244267,0.29709081275122506,0.030140572156224933
10,0.26139366119248525,0.27346007378896076,0.1140583524789129,0.2917576696872711,0.029129475955452237
11,0.268908340215683,0.2782978807290395,0.11856108914102827,0.2976888919217246,0.030056101939507893
12,0.26121839610167913,0.26339166760444643,0.1127930964912687,0.2939882618188858,0.028623389352645193
13,0.2621771692889077,0.26554696075121564,0.11188645907810756,0.2977141295160566,0.02867290108544486
14,0.2556580161367144,0.26077196232477823,0.10660043190632548,0.2953817295687539,0.027334370153290884
15,0.2497340884889875,0.2708987070719401,0.10257199077946799,0.29169229095322746,0.026319061951977866
16,0.24224036615235464,0.25284949254989625,0.09788604281629835,0.28617785838672094,0.025307883552142554
17,0.23493180143833162,0.2662899986902873,0.09090212638037545,0.28567241021565026,0.023869385093450546
18,0.23541597037655967,0.24237637408574422,0.09134725831661905,0.2857492092677525,0.02388212918809482
19,0.23749992963245936,0.24268764861424763,0.09293587422370911,0.28669293870244705,0.02435173024875777
20,0.22524774782998222,0.22608868384361266,0.0844162050996508,0.2794327414376395,0.022303435977016176
21,0.2184417895419257,0.24038231790065764,0.07922563165426254,0.27630943502698624,0.021228830314108302
22,0.2277021098307201,0.2344116763273875,0.08517029687336514,0.28279487650735036,0.022687523281999997
23,0.22670726820400783,0.23080730525652568,0.08503039288520813,0.2810731472969055,0.022806053034961225
24,0.2197375317301069,0.22753643055756886,0.07896630249704634,0.27943243190220424,0.02110025451864515
25,0.2228212446825845,0.2335268629391988,0.08057563901799066,0.2823550145966666,0.021361961956535065
26,0.21664432518822807,0.22868845907847088,0.07703432357311249,0.2771384982551847,0.020815053337386678
27,0.211910557951246,0.2241993095080058,0.07355225352942943,0.27470733189582824,0.020092774583825045
28,0.21408087602683476,0.23004737599690755,0.0750114879991327,0.27613342578070504,0.020053499807736703
29,0.21597642176491874,0.24001585070292156,0.0755842532813549,0.27871724299022127,0.020670968551720893
30,0.21786255780288152,0.21951115190982817,0.07771346114788737,0.2781813530581338,0.02116836229179587
31,0.20521709777627672,0.2255400625069936,0.06852932539156505,0.27149677995273047,0.01878764788274254
32,0.21293070030212402,0.2226115529537201,0.07469013829742159,0.27446251826626916,0.02018604540931327
33,0.20311820701190403,0.21923363947868346,0.0677328396652426,0.2689201123544148,0.018506225457148893
34,0.20669887336662837,0.21407621967792512,0.06999434387683869,0.27150758574690137,0.019014726407825946
35,0.20281202571732657,0.21579426888624828,0.06738098434039524,0.26900665523324696,0.018554275844778333
36,0.2025875735623496,0.2174915096362432,0.06679034672464643,0.2697533963407789,0.018410581588745117
37,0.20231126252242498,0.22975966517130533,0.06577165030581611,0.2712818006106785,0.017974237995488303
38,0.20544916169984,0.21998877716064452,0.06934190055302211,0.27030278842789784,0.01911734097344535
39,0.20073225494793484,0.21795685017108918,0.06558438166550228,0.2685098135471344,0.017859330590282167
40,0.20812586845670428,0.2207844962676366,0.07070044798510415,0.2729172205924988,0.01933619578395571
41,0.20373746456418718,0.22274797240893046,0.06733949395588466,0.2709330373832158,0.01862902255994933
42,0.1975171504020691,0.20558143925666808,0.06310070938723428,0.26709216737747193,0.01740713827950614
43,0.19394572854042053,0.21366748277346292,0.06061173367074558,0.264996527331216,0.016714636166180883
44,0.19330302112443107,0.22018942014376322,0.060920858570507594,0.2630779985019139,0.01686324236009802
45,0.19556163222449166,0.20983798710505167,0.06150906029769353,0.2664105810608183,0.016945651837757654
46,0.19677619062151228,0.21322235850493113,0.06268588266202382,0.26645392669950213,0.01726689400417464
47,0.1930287914276123,0.20313968054453532,0.05974615729706628,0.26491492983273096,0.01650337266921997
48,0.1943790591444288,0.20882788678010306,0.06078780724321093,0.26549750007901873,0.016850035754697665
49,0.1954364264692579,0.1973281246026357,0.061935739261763434,0.26531450612204416,0.016868711663143975
50,0.19371979294504438,0.20678316915035247,0.06121929578270231,0.26330812065941944,0.016928747692278454
51,0.19058121631826674,0.20937976853052775,0.05881549434576716,0.2619064494371414,0.016249934754201344
52,0.19187957419667925,0.20460550546646117,0.059442373360906325,0.26323072845595225,0.016436717979609966
53,0.19259288772514888,0.20242660411198934,0.05890305835434369,0.26576709725175585,0.016125603682228498
54,0.19624611745561873,0.19429296386241912,0.06303503328987531,0.26467466715403964,0.017475003758711475
55,0.1847449763928141,0.20251477921009065,0.05472699966600963,0.2585004962342126,0.015354601477938039
56,0.18699539632456644,0.20362783149878183,0.05560581480605262,0.26121353650093077,0.015656275485243117
57,0.18775309676783425,0.20009505303700764,0.056531371303967064,0.2608644700390952,0.015789821675845556
58,0.1939391817024776,0.21528553692499797,0.06217680736524718,0.2618020882947104,0.01722659372857639
59,0.19142486013684953,0.20280329716205597,0.05867348989418575,0.2638648101772581,0.016379301988652773
60,0.18446078499725888,0.20636043747266133,0.05394028689180102,0.2595141041278839,0.01526891085931233
61,0.18536788315432412,0.20055309240023295,0.05423563235998154,0.2607540669781821,0.015104360442076411
62,0.18425956196444376,0.2039628817240397,0.05435213498558317,0.25829821951048715,0.015166344933211803
63,0.18429968675545283,0.19610301502545674,0.05436994977508272,0.2583302630696978,0.015292134762874672
64,0.18899982472828455,0.20419062105814617,0.05741424768737384,0.2615895560809544,0.015815989381500653
65,0.18083773408617293,0.19977576438585917,0.05267555757079806,0.2548465249197824,0.014778276166745595
66,0.1809934584924153,0.19250024565060933,0.05166850049580846,0.25719102111884523,0.014588934732334954
67,0.1798406456879207,0.2036642173131307,0.051544826626777646,0.25514768280301775,0.014439546523349625
68,0.18409353320087704,0.19738464478651682,0.054172957354358266,0.2583409155096327,0.015002354661268848
69,0.18596551772526332,0.20393473029136658,0.05539840270791735,0.2595889198098864,0.015453089760882515
70,0.18323147928714753,0.19346800080935161,0.054042056611606056,0.25688507669312616,0.014937700646264212
71,0.18149754570211682,0.20054698618253072,0.052149424114397595,0.2572178401095527,0.014784038246742317
72,0.18202130952903203,0.19547738567988077,0.05290018710068294,0.25676081497328623,0.014814294333968844
73,0.18056243884563447,0.19348144324620564,0.0516389420245375,0.25638501867226193,0.014619750705148492
74,0.18281819527489798,0.20085563329855602,0.05331499222772462,0.2575277910232544,0.014786156643714224
75,0.17873077537332263,0.20402140657107035,0.05103937874521528,0.25394513729640417,0.014376564415437835
76,0.1778669340951102,0.19010976763566334,0.05033366316982678,0.25364627354485647,0.014202684278999057
77,0.1773967673948833,0.19932681421438853,0.04942575533900942,0.254542690549578,0.013993343346885272
78,0.1814536886896406,0.19783022864659627,0.052984933091061455,0.25544400818007335,0.014935042447277478
79,0.18322721026624952,0.19790508759021758,0.05417809813363211,0.2565957715681621,0.015024539080049311
80,0.1785669516324997,0.19927788186073303,0.05131165142783097,0.2530619546515601,0.014486479023737567
81,0.17922594383784704,0.20172866717974344,0.05178191238003118,0.2534365437541689,0.014515196360647678
82,0.1761895195245743,0.19413267731666564,0.049460382546697344,0.25203725387368886,0.014210196646196502
83,0.17793892795698985,0.191483584801356,0.0510225670167378,0.25239016856466023,0.014425538469638143
84,0.1733767043011529,0.20040952118237812,0.0478479608808245,0.2497001462663923,0.013573403784206935
85,0.17641988459655217,0.20112822739283243,0.049624918035098484,0.25219140308243887,0.013985305667987892
86,0.17608192932605743,0.18781722418467203,0.04991100163970675,0.25093939879962374,0.014024559294538838
87,0.17909183132648468,0.19297236275672913,0.050959189678941454,0.2548229535988399,0.01442329620144197
88,0.17818465072768075,0.19701428151130676,0.05151204644782203,0.25188124656677247,0.014639605605176517
89,0.17464784978968756,0.20020507287979125,0.04774442257253187,0.2524472048452922,0.013596526397658246
90,0.1779092867033822,0.19894811495145162,0.05047417254958834,0.2534578515291214,0.014123765903924192
91,0.18138068245138442,0.19655385514100393,0.05290452431355204,0.25548093267849514,0.014713857680559158
92,0.17936689812796455,0.19564931559562684,0.05182582050136157,0.2536404386418206,0.014417163849409137
93,0.1743300863845008,0.19552503108978272,0.04865000789506095,0.24996461718423027,0.013955377987452916
94,0.17660240932873317,0.19052857546011606,0.049092761201517926,0.25364054884229387,0.013787466709102903
95,0.17434906583172935,0.18780658479531606,0.04779907444970948,0.2517433347702026,0.013566479472709553
96,0.17546106438977377,0.18978064513206483,0.04894194412444319,0.2516481993368694,0.013900423707706588
97,0.17519032796791623,0.19389686942100526,0.048709289476275446,0.2515822551591056,0.013798219672803367
98,0.17361404822553908,0.19166891769568126,0.04781392686707633,0.25022406819888526,0.013761742129921914
99,0.17372484156063625,0.20175975775718688,0.047582362498555866,0.25091046353748864,0.013744964371834482
0,0.3928966091700963,0.3036226890881856,0.39217204223360336,0.4266767588683537,0.069586741485766
1,0.27308078929356167,0.26248814193407694,0.22062106924397604,0.4003103835923331,0.049979455632822856
2,0.24660884741374425,0.24364764126141866,0.18532510336807795,0.3895015823500497,0.04335660938705717
3,0.23169632826532635,0.2372880963484446,0.16577869216033392,0.38284783138547623,0.03853425492559161
4,0.2194402676309858,0.22845803638299306,0.1497380815063204,0.37720521255901884,0.03583477302321366
5,0.21235173295225415,0.21748186242580414,0.14077308096204486,0.3733609094279153,0.03383324385540826
6,0.20771936116899764,0.2210894477367401,0.1354966332742146,0.36965667244366235,0.03280100776893752
7,0.20484256856782096,0.21442757876714072,0.1301302285364696,0.37152237977300373,0.03229142137297562
8,0.20363542638506207,0.21249582731723785,0.12926573531968252,0.36963439324923925,0.031039741622550146
9,0.2025048437970025,0.19177258161703745,0.12715909773962839,0.3702713779721941,0.03175456971355847
10,0.1967596925156457,0.1919727950890859,0.12067366247517722,0.36564017248153685,0.0296756795580898
11,0.19216395916257586,0.20023117784659067,0.11552712627819606,0.3617777772290366,0.028762617394328116
12,0.18956275228091649,0.19949328362941743,0.11191751150148256,0.3609828691141946,0.02826657484258924
13,0.18892265135901315,0.19702534834543864,0.11090439981222153,0.36107270325933183,0.027787326193281583
14,0.18932154027053288,0.19575847518444062,0.11263912316731044,0.3588339664595468,0.02784580798660006
15,0.18676130998134613,0.1917627379099528,0.1082974955695016,0.359639367886952,0.02725723182303565
16,0.18279893839359285,0.18951800870895386,0.1040809779720647,0.35592090388706754,0.02593866180628538
17,0.18426148564474923,0.18384640073776246,0.10578991148301534,0.35699561517579215,0.026351826786994933
18,0.17934632553373064,0.18387468338012694,0.09858046337536402,0.356326771395547,0.024859243307794845
19,0.17970154440402986,0.18049915532271069,0.09992604655878884,0.35473340106010437,0.024893075291599547
20,0.17602306159905026,0.18207612017790475,0.09522568483012063,0.3528250412259783,0.023950942627021243
21,0.17510061051164355,0.18010478075345357,0.09376554275410516,0.3529062511239733,0.023745709674698967
22,0.17587205851078033,0.1830680394967397,0.09445528654541288,0.35389982203074866,0.023930029513580458
23,0.1767938733952386,0.17901983777681987,0.0960114706669535,0.35359590666634694,0.024421773291059903
24,0.1733301807131086,0.17657712022463481,0.09085485812595913,0.35330832430294584,0.023055347155247416
25,0.1729928905282702,0.17801169594128927,0.09098306110927037,0.3520213327067239,0.02290517403611115
26,0.17082223899023874,0.17187231389681498,0.08823907430682863,0.35082565035138813,0.022451627060770987
27,0.16689265286922456,0.17324867435296376,0.08474594959190913,0.3457100038528442,0.021653346495968954
28,0.16556706622668674,0.18311635665098827,0.08297711497545242,0.3451885187966483,0.02115171612586294
29,0.16737706800869534,0.1771510708729426,0.08544428442205701,0.3458015811443329,0.02178778395482472
30,0.1673282618522644,0.18360364290078482,0.0836693057843617,0.34922239582879205,0.021566224779401507
31,0.16430237107617515,0.16854780821005502,0.08174519147191729,0.3437915679727282,0.020554179295897482
32,0.16735013688462122,0.1727063201268514,0.08446542217901774,0.3476944860390254,0.021601082177034447
33,0.16503982273169926,0.1730300620396932,0.08037568862949099,0.34882928017207554,0.02042809395917824
34,0.16471831936495646,0.17182386509577433,0.0814437724011285,0.3456667308807373,0.020725304978234427
35,0.16722692571367537,0.16546823648611705,0.08478722367967878,0.34665310852868214,0.021759292355605534
36,0.1635803645338331,0.17099658838907877,0.08024160165446145,0.344568852186203,0.02047093105422599
37,0.16142337787151337,0.17189777755737304,0.07767012128659657,0.343042489698955,0.020297562735421316
38,0.16039442069189888,0.1694122748374939,0.07557350661073413,0.34414638331958225,0.01929322456036295
39,0.1616468083177294,0.1689499562184016,0.07800019129684993,0.3430963512148176,0.020083874464035034
40,0.15936890295573644,0.17134025633335115,0.0759037024634225,0.3402648093019213,0.0197139897027186
41,0.1644580191884722,0.17126360607147217,0.08094530881302697,0.34585146035466874,0.020777986053909573
42,0.16110872995853423,0.16549748063087463,0.07698936362777438,0.34347463188852584,0.019837166825575486
43,0.15319830967698778,0.16662324750423432,0.06860395635877337,0.3359102999823434,0.01796563387129988
44,0.15315435554300036,0.16292933575312296,0.06845973123822893,0.336046533039638,0.018125209076063974
45,0.1534281690120697,0.16015594240029654,0.06871350155983652,0.3364021339075906,0.017981999389827252
46,0.15410149608339582,0.15812729394435882,0.0701262109875679,0.3356327897480556,0.018294401471103942
47,0.15108695527485438,0.15821391077836355,0.06585109477383749,0.3349374361719404,0.017299508273601532
48,0.15457932094165258,0.15858350718021394,0.07029779933393002,0.3367588141986302,0.01841495311313442
49,0.15192655442442213,0.15732396578788757,0.06618256049496787,0.336861828327179,0.017453816384077073
50,0.15091923820972442,0.15737528983751933,0.06558844624246869,0.3349386063984462,0.017341531923839023
51,0.14906227471147265,0.15861436601479847,0.06323323734743254,0.3339385702950614,0.016880228927092893
52,0.15392071538312094,0.15804589104652406,0.06932627866949354,0.33670434863226756,0.017973241925239563
53,0.15148615730660303,0.15541519447167715,0.06593149427430971,0.33602496705736434,0.017191474203552517
54,0.15129096041406903,0.15344694689909616,0.0654861431973321,0.3363101266452244,0.01719576465657779
55,0.1461993322116988,0.1583028770685196,0.0598555597450052,0.3319245381355286,0.015822830870747567
56,0.14993711091790882,0.1582253649632136,0.06437158506257193,0.334373106445585,0.016887784768428123
57,0.14639973022256578,0.15982382599512737,0.06011792428365775,0.3320031748839787,0.016001550721270696
58,0.14765005782672336,0.16041520969072978,0.06178690209559032,0.3324934381757464,0.016479497975536755
59,0.15083519102845874,0.15406341282526653,0.06611982704060418,0.3336136705194201,0.017357822658760208
60,0.14594745646204269,0.15867935240268707,0.06017644475187574,0.33047574281692504,0.016084949691380773
61,0.14794543625627246,0.15065396455923716,0.062169009063925064,0.3326418204648154,0.01651029510157449
62,0.14705763982023512,0.1575451664129893,0.06172600562444755,0.3307824355193547,0.016442504678453717
63,0.14796124259063176,0.15825916481018065,0.06158591174227851,0.33384783761841913,0.016602085124169077
64,0.1485487846817289,0.15688939456144968,0.06344156188624246,0.33193687449182785,0.016812495631831032
65,0.14595415013177054,0.15553522574901582,0.05970488088471549,0.3314468710763114,0.01601242048186915
66,0.14519008118765694,0.14752828816572824,0.05968535026482173,0.3291248028959547,0.01593762472271919
67,0.14736149060726167,0.1611782766977946,0.06039598906040192,0.3344186944280352,0.016099605653967175
68,0.14520940693787165,0.15221289197603863,0.05858252417189734,0.33139840858323233,0.015857145407370158
69,0.14575916561058588,0.15301857539017996,0.05913288510697229,0.33200279198374066,0.015848649874329566
70,0.144798464179039,0.16043115262190502,0.05882273985658373,0.329657927104405,0.015718437665275167
71,0.14765484501634327,0.15281325733661652,0.061661929275308336,0.3327407819202968,0.01665393327176571
72,0.1441772578869547,0.15680966957410178,0.05759365974366665,0.3302168660845075,0.01545327719620296
73,0.1487107562678201,0.15375165279706318,0.06353761603576796,0.3322185096740723,0.01709615393621581
74,0.14380086074556622,0.15178273204962411,0.05706343608243125,0.3301016753060477,0.015541344063622611
75,0.14030719602108002,0.15130411187807719,0.05311912224973951,0.3272701392514365,0.0144393746980599
76,0.1418115052325385,0.1504258542060852,0.05515867884031364,0.32778623410633634,0.015120886903256178
77,0.14203094049862452,0.1505675205787023,0.05539798950297492,0.3279882137094225,0.015117328358548027
78,0.14194123524427413,0.15538280979792277,0.0552567611507007,0.327995648758752,0.015086748621293477
79,0.13772102934973582,0.1506591780980428,0.050037192898137225,0.32548091786248345,0.013798990984048163
80,0.1387362522312573,0.14827703833580017,0.05172460933348962,0.325216329063688,0.014168476544320583
81,0.13963679339204516,0.14906833680470785,0.052572309051241196,0.3262833399091448,0.014461139474596296
0,0.3946840758323669,0.3242690998713175,0.4101584948131016,0.396146564415523,0.07057120910712651
1,0.25430902498109,0.2482170402208964,0.21454390157972064,0.35460241750308447,0.04667779786246164
2,0.2322393229688917,0.24582215603192648,0.1824175294467381,0.35088272496632167,0.042241413065365385
3,0.219706967319761,0.22368649037679036,0.1660925612449646,0.34496287642206463,0.039436223298311236
4,0.20836735461439404,0.21049283905824026,0.14997281213317598,0.3423966163567134,0.035965771862438746
5,0.20421720620564052,0.20575511348247527,0.1460296073130199,0.33746655750274657,0.03547587522864342
6,0.19519333679335457,0.1955912113984426,0.13704852071830204,0.3276546737807138,0.03347646252172334
7,0.18397861834934778,0.19318018714586893,0.12234302928618022,0.32264921951293946,0.029984554965581212
8,0.19277423806701388,0.19603114100297292,0.13302233474595207,0.32832428547314235,0.03231199334455388
9,0.1871293444633484,0.18721613279978433,0.1257404800568308,0.3255197047165462,0.031003162460667748
10,0.18750843839985984,0.18909117825826008,0.12465840348175594,0.3289085942677089,0.03050775232059615
11,0.18373528189318522,0.18512257619698844,0.12004577646936689,0.32653008685793194,0.029577542283705304
12,0.18065320185252598,0.18234978441397348,0.11712538699167116,0.32283587186677115,0.029383004904857703
13,0.17352344271114895,0.17872049248218536,0.10919800128255572,0.31682399364880154,0.027026903267417635
14,0.17516705751419068,0.18117395770549774,0.11055864630852427,0.31917179918289185,0.027288014036204133
15,0.1705675860473088,0.1790724682013194,0.10542355642999922,0.31524609429495676,0.026663252762385778
16,0.1689174155848367,0.17425559989611308,0.10205691914899008,0.3170068849836077,0.025232793339661188
17,0.1692361728123256,0.17622583719094595,0.10382309404441288,0.31434248420170374,0.026434781010661806
18,0.16044220381123678,0.17411498928070068,0.09210221202032906,0.31083278570856365,0.023336377016135626
19,0.16131943253108433,0.1690134876569112,0.09386663011142186,0.3099562469209943,0.0240074552744627
20,0.15899799415043422,0.17379556508858998,0.08937716565813338,0.31188221951893397,0.022572465683732713
21,0.1519149500301906,0.16081018300851185,0.08186439556734902,0.3051038335050855,0.02103734062399183
22,0.15185081156662533,0.16334467176596323,0.0834278559259006,0.30172072407177514,0.021610922209386315
23,0.14999411705562046,0.16113301086425783,0.08055033844709396,0.30180523787225993,0.020758621592606816
24,0.1493538361276899,0.16233430647850036,0.07858126832757677,0.3038052112374987,0.020291580417326517
25,0.1501284613268716,0.15805509682496388,0.08035177562917982,0.30259932340894424,0.020953673418079105
26,0.14785829052754812,0.16057923571268717,0.07707496343340192,0.3022263199431556,0.01984468213575227
27,0.14800415415423257,0.16033843727906544,0.07773721485904285,0.30131707773889815,0.02021388562449387
28,0.14926826221602305,0.1534371569554011,0.07855285710947854,0.30359326352391924,0.02032645555266312
29,0.1487927211693355,0.16135996119181314,0.07759046491980552,0.3040472333260945,0.020292916005211218
30,0.15136826455593108,0.15827036599318187,0.0817256323652608,0.3036348909309932,0.0215547909576978
31,0.14597822880744935,0.15850825798511506,0.0763448064838137,0.29784345374788557,0.019994534263653413
32,0.14261043376582008,0.15637427123387654,0.07172839131525585,0.29675136290277754,0.018842115444796425
33,0.14726742243766786,0.15346740186214447,0.07693026870489121,0.30066053019251143,0.020079555869102476
34,0.14356680084977833,0.15133476376533508,0.07229582730361393,0.29858210519381934,0.01883336671973978
35,0.14114049414225988,0.15401756103833517,0.06994493048531669,0.2957872858728681,0.018584005281329155
36,0.14376544106006622,0.14851306502024333,0.07296945648533958,0.2978227252619607,0.01911241286993027
37,0.14046169320174626,0.14730854201316834,0.06880221453734807,0.29602319540296285,0.018036346014056886
38,0.14142666464192527,0.1476608174641927,0.07104530084984644,0.2944538632120405,0.018782105611903327
39,0.1397745735815593,0.15367990386486052,0.06812792034660067,0.2952509253706251,0.017944268892918315
40,0.13898490806136812,0.1473887886206309,0.06656237358919212,0.2959608013459614,0.01767678122648171
41,0.13997763669490815,0.14638620599110921,0.06856568707738604,0.29499117633274624,0.018081360054867608
42,0.14133233003105436,0.1490038283665975,0.06959902385302952,0.2971080830778394,0.018241037445408958
43,0.13944676908424922,0.15433881123860677,0.06714191924248424,0.29621161706107,0.01789537993605648
44,0.13951260358946663,0.15324407291412354,0.06831210940224784,0.29407739543914796,0.017874721919851642
45,0.13955261193002974,0.14626937476793925,0.06786580038922174,0.29509369397163393,0.01787814949452877
46,0.1388815799185208,0.14675421710809072,0.06704249808618,0.2946533451080322,0.0179456852887358
47,0.13184508447987692,0.14712233479817707,0.05969791336570467,0.2877147392886026,0.016092048228851387
48,0.14161768175874437,0.14403607833385468,0.07023149716854095,0.2966976556437356,0.01854176788670676
49,0.1400951703957149,0.14684725002447765,0.068674236536026,0.29513509672028676,0.018114686748811178
50,0.13393129430498396,0.14758301266034443,0.062417860695293974,0.2886776927879878,0.01673609874503953
51,0.13595882715497698,0.14607975085576375,0.06424308171016829,0.2912731876373291,0.017130300762397903
52,0.13550396411759513,0.14927213831742606,0.0633939528124673,0.2915910317897797,0.016833622132028853
53,0.13784407609701158,0.14211388119061788,0.06591950481278555,0.2937144171169826,0.017632212094962598
54,0.13955657528979437,0.1516716196934382,0.06672630676627159,0.29741130348614286,0.017614801062004908
55,0.136350504721914,0.14539467112223306,0.06498658129147121,0.29100030844552177,0.017131055329527172
56,0.13871156272717886,0.14850454342365266,0.06750526361806052,0.2932202491249357,0.017750825946884496
57,0.1371072024873325,0.13996138123671215,0.06519688562410218,0.29290955734252927,0.017290115577833994
58,0.13203899843352182,0.1430006421804428,0.06005724323221615,0.28758902185303825,0.016174004339746067
59,0.1355773501396179,0.14447615953286488,0.06443157699278423,0.2897387731756483,0.016878707706928252
60,0.13192300580229077,0.14502356298764546,0.06047144888980048,0.2863728831495557,0.01645548894575664
61,0.1330428244301251,0.14173295092582702,0.06101551851630211,0.28877852385384695,0.01623207712812083
62,0.13492261324610028,0.14671845642725626,0.06395915911878858,0.2886707493237087,0.01671045569862638
63,0.13604640265022006,0.14287724057833354,0.06445177869711603,0.2910912435054779,0.017490569537239414
64,0.13447388882296427,0.14141353170077006,0.06196242661987032,0.29130330099378315,0.01640916593159948
65,0.13019593160493034,0.1365021509329478,0.05846073659828731,0.28511893504006525,0.01566991070338658
66,0.13022890731266568,0.13770917463302612,0.0579101026398795,0.28634050653662,0.01548912101984024
67,0.12612334219898497,0.1365606681505839,0.05364041541729655,0.2822508790152414,0.014506617348108973
68,0.12750715950557165,0.13692008451620738,0.0552675587449755,0.2832490349497114,0.014880522672619138
69,0.12839362393106732,0.1385440029303233,0.056403714077813284,0.2836937728609358,0.015190417076860155
70,0.12990364675010954,0.13460264937082927,0.05771675395965576,0.285744178550584,0.01523631146230868
71,0.12583334120682307,0.1397581755320231,0.05352357086645705,0.28157783160890854,0.014583954505622387
72,0.12633323050396783,0.13762206137180327,0.054241463594138624,0.2816702272891998,0.014798715987907989
73,0.12419759051288877,0.13967283920447032,0.05194562003442219,0.27972069559778484,0.014006074517965317
74,0.12720371623550142,0.13853161692619323,0.05626372932536262,0.28029323026112146,0.015108407868870667
75,0.1253246512413025,0.14069142059485118,0.05276382930363928,0.2815512633664267,0.014275087973901203
76,0.12452500502552305,0.13404730860392253,0.052576625415257046,0.27944943376949855,0.01424840925846781
77,0.12740624344348908,0.13437387828032177,0.05568313120092665,0.28210095712116784,0.014921476859067168
78,0.12548876655101776,0.13634218430519104,0.054266772240400316,0.27902100695882526,0.014606348814708845
79,0.12344604380641665,0.13646616967519123,0.05087541852678571,0.27956198944364274,0.013699211601700102
80,0.126701095359666,0.14046548589070637,0.05424698935874871,0.2828140064988818,0.014654250204563141
81,0.13040830144711904,0.13598347854614257,0.05853005322813988,0.2856440098285675,0.015616312521908964
82,0.1275700125864574,0.13808968544006348,0.05643255705492837,0.28110442897251675,0.014975094544036048
83,0.12371899448122298,0.13965815993150074,0.05109192327090672,0.2799401405879429,0.01404907117996897
84,0.12455758481366294,0.1319387931029002,0.052617902500288825,0.2794642914703914,0.014284280774848801
85,0.12179855629376003,0.1315095021724701,0.05003810650535992,0.27612918775422235,0.013701363202184439
86,0.1195185798406601,0.13081381193796793,0.04737861204998834,0.2744545061928885,0.012958784859095301
87,0.1218487053513527,0.13548515113194784,0.04908901518583298,0.2782109216281346,0.013420441987259047
88,0.12507604475532258,0.13499056160449982,0.05293090616805213,0.2804495058059692,0.0142443243094853
89,0.12375457154001508,0.135938902537028,0.052952822295682773,0.2763095977987562,0.014239406340888569
90,0.12079250587735857,0.13382586363951365,0.04888334655761719,0.2753567684718541,0.01333315487418856
91,0.12115707360846656,0.13681613731384276,0.048881409530128754,0.27648463436535425,0.013394855146961553
92,0.12117789709568023,0.13479269214471182,0.048790134127650944,0.27675335451534816,0.013178716065628189
93,0.11985480403900146,0.13245100506146748,0.04784834139687674,0.2745268063374928,0.013264148265123368
94,0.12032829713821411,0.13355823842684428,0.048737388261726924,0.2742068167073386,0.013361362213534967
95,0.12048385709524155,0.13280180025100707,0.048370621979236604,0.2754525554520743,0.013061681271663734
96,0.11990758457354136,0.13097375563780467,0.048517029425927574,0.2733320353542055,0.013474277334553855
97,0.12385147300788335,0.13085508692264558,0.052282047714505876,0.27795713373592923,0.014183506288698742
98,0.1189478087425232,0.12986746764183044,0.047387274235486984,0.2726808003357479,0.012828708701900074
99,0.11883508376564299,0.13101071202754974,0.04754738409178597,0.27198494243621824,0.013090627383440733
0,0.37795682202066694,0.2988640995025635,0.39979510280064173,0.36509263328143526,0.06983357041222708
1,0.25783619613306863,0.25420866783459983,0.22882984946455273,0.3366555422714778,0.049769973671862054
2,0.2302230564866747,0.22268580142656963,0.18821504173960005,0.33293524939673286,0.043261678550924575
3,0.21257580406325205,0.21036252291997273,0.1667995876584734,0.3214175510747092,0.03968286612204143
4,0.20018889963626862,0.20524185554186503,0.15008228172574725,0.31675457171031407,0.03666471676528454
5,0.19506370566572462,0.21116859408219654,0.14387348193781715,0.31337932297161647,0.035712190425821716
6,0.19407392992292133,0.19516817557811736,0.14195698133536747,0.31423145730154856,0.03483779484033585
7,0.191388970885958,0.1973747300306956,0.13821027275494166,0.3134948024749756,0.033904742585761205
8,0.18236787690435138,0.1958570030530294,0.12911427809510911,0.3039313462121146,0.031805349999240465
9,0.1823054710626602,0.19171309220790864,0.12841379065173014,0.30506157841001236,0.03257819025857108
10,0.18257290949140276,0.18701260511080425,0.12730103261130196,0.30820052424498967,0.03173446815354483
11,0.1747518925155912,0.18843117678165436,0.12021450398649489,0.29830439860480173,0.02997474939482553
12,0.1739497684751238,0.1876616378625234,0.11812535994393485,0.300035719871521,0.029578600036246436
13,0.17391088342666625,0.17966156963507335,0.118135591677257,0.29988740583828516,0.029651627259595054
14,0.16628465604782106,0.17294383601347604,0.10936207611220224,0.29404777475765775,0.02710522448165076
15,0.16561566412448883,0.17830748335520427,0.1094544586965016,0.29173330324036734,0.02766355787217617
16,0.16610700700964245,0.18218989547093709,0.10920597498757499,0.2937856823035649,0.02734102272135871
17,0.1692999291419983,0.17488567626476287,0.11227165223019464,0.2974516114848001,0.02834879102877208
18,0.16242498379945755,0.17697885008653005,0.10485854811753545,0.2911324838570186,0.026678841071469443
19,0.1592818046127047,0.17526855822404225,0.10152338894775935,0.28814676465306965,0.025800653747149876
20,0.16240569598334176,0.16451403570175172,0.10235923573800496,0.2961176723412105,0.026215278795787268
21,0.1595074862752642,0.17385461469491323,0.10055882646782058,0.29073450681141444,0.026210611639278274
22,0.15290240567071098,0.16447705725828807,0.09210894046510969,0.28743765602793014,0.023419336399861743
23,0.14944143835135867,0.1662649109363556,0.08905870284352983,0.282842953818185,0.02308114138032709
24,0.15293648825372969,0.15620673902829488,0.09258737885951995,0.28654008190972463,0.023882865680115564
25,0.1502173422745296,0.1607828950881958,0.08871121091502053,0.2859357086930956,0.02315645318371909
26,0.1482885765007564,0.1716607209444046,0.08716141206877573,0.28307894357613156,0.022928332377757345
27,0.13795554338182722,0.15829130272070566,0.07624126353434153,0.27314508969443185,0.020345827188874992
28,0.14253016332217625,0.15123638673623402,0.08057120107327188,0.2785867146083287,0.021144025255526815
29,0.14122528975350515,0.155691889444987,0.07986266578946795,0.27594626116752624,0.02126819586753845
30,0.14090621655327934,0.15869553593794505,0.07878050184249878,0.2771435660294124,0.0210471487896783
31,0.13642332863807677,0.15063999617099763,0.0746669670343399,0.27157060446058,0.020077918550797873
32,0.13689822912216187,0.15446922779083253,0.07486031941005161,0.27266699954441614,0.019968874199049812
33,0.14044711557456424,0.14593283939361573,0.07751513020055635,0.27826359554699487,0.020922153017350606
34,0.1364530413065638,0.14777351498603822,0.0739404376915523,0.27312458087716784,0.019989826396107673
35,0.1350734111751829,0.14705969742933908,0.07081170191509382,0.2752170115539006,0.01887171533703804
36,0.13767656849111828,0.1547164170742035,0.07465608855656215,0.2754830332313265,0.020021625792341572
37,0.13925469374656677,0.13987743564446767,0.07662060533251082,0.2764066363402775,0.020417157752173287
38,0.13902192190715246,0.14561678020159405,0.07533323367152896,0.2782754612139293,0.020260434067675047
39,0.13581774490220205,0.1459683884382248,0.07193947637081147,0.27522514629364014,0.019309224062732288
40,0.1349981438262122,0.14770382428169251,0.07162215352909905,0.27332085016795565,0.01929100155404636
41,0.13682908378328595,0.14456007186571757,0.07337841638496943,0.2754240232876369,0.019893169641494752
42,0.13744546459402357,0.15125212554136913,0.07313817538746765,0.27779958082948414,0.020050188311508725
43,0.13130269937855857,0.14685026665528617,0.06746851173043251,0.2702771175929478,0.018242429218121938
44,0.1299397136058126,0.14753609275817872,0.06627099998082434,0.2684620348385402,0.01809090240086828
45,0.12687140619754791,0.14353746994336447,0.06263071927002498,0.2663402223246438,0.016997076409203667
46,0.12661098512581417,0.13650542283058167,0.06290677669218608,0.2649659171785627,0.017145938509276936
47,0.13011205664702824,0.13879589740435283,0.06544622799328395,0.2706797261238098,0.017752047172614506
48,0.12130701614277703,0.1389382666349411,0.05696799848122256,0.26055159514290943,0.015641680730240685
49,0.1254095034769603,0.13688381505012512,0.06086606167895453,0.2653776526451111,0.016596951808248248
50,0.12947788809878485,0.13969808570543926,0.06477951254163469,0.27006337101118905,0.017590663293110473
51,0.1255564046076366,0.1369626587231954,0.061765770648206986,0.2640126051221575,0.016807200442467418
52,0.12325350470202309,0.1362899498939514,0.058946503783975326,0.2625731680563518,0.016196995275361198
53,0.12267936128377914,0.1343394168217977,0.05868281834891864,0.2613499409130641,0.015904526425259455
54,0.12361033739362444,0.13872559368610382,0.059042361974716184,0.26346746911321367,0.0163986484802195
55,0.12383285012415478,0.13631097515424093,0.05978613663784095,0.2626494827440807,0.01660089260339737
56,0.12404392587287086,0.1352405497233073,0.05951642770426614,0.26389335089070454,0.016099732992904528
57,0.12479528076308115,0.14137104801336925,0.0603600589462689,0.2644860736301967,0.016591891380293027
58,0.12599654516151973,0.13653791729609172,0.06129118124927793,0.2663489408493042,0.016579972058534623
59,0.12326545235940388,0.13462785136699676,0.058192217814070836,0.26414680068833485,0.015916745516870702
60,0.12123906974281584,0.130697407523791,0.056127636705126084,0.2620352510384151,0.015506048191870962
61,0.11961401041064944,0.1337411628961563,0.05474903674849442,0.2597788552045822,0.01526517104251044
62,0.12169380223751068,0.13696015540758769,0.05654144875918116,0.2626049151761191,0.015629866302013396
63,0.12142496718679156,0.1350357274611791,0.057655181791101184,0.2595329031944275,0.015741410567292145
64,0.1196901746732848,0.13670840533574422,0.05584576702969415,0.2578097619158881,0.015382597348519733
65,0.1209735294835908,0.1407483121951421,0.05626357144543103,0.26094077694416046,0.015500318916780609
66,0.12275436639785767,0.13528338623046876,0.058112451280866353,0.2626972549302237,0.016163891578359263
67,0.12023640653065273,0.13410463666915892,0.05546120398385184,0.2602918199811663,0.015186419099569321
68,0.12204727349111012,0.13045212201277415,0.05753822033745902,0.2616940623351506,0.01576055690220424
69,0.12037215330771038,0.1326482396920522,0.05675957250595093,0.2580919721978051,0.01542570695068155
70,0.11621685120889119,0.13124821547667184,0.05225341146332877,0.25430334980147223,0.014620770779039179
71,0.11898307153156826,0.13201392098267872,0.05510773500800133,0.25710263773373193,0.01529423435670989
72,0.11782533330576761,0.12832071185111998,0.05356578765170915,0.2566486238070897,0.0147834548960839
73,0.11493093597037451,0.13351404372851053,0.05055771269117083,0.25377256202697757,0.013979267176772867
74,0.1156973957845143,0.1300235118865967,0.051908641491617474,0.25341539028712684,0.014292655144418989
75,0.11638953083753587,0.13471254762013754,0.0516751743725368,0.25601651746886117,0.014406895279884339
76,0.1181905038356781,0.13405570471286773,0.0542912192770413,0.25629890193258015,0.015092315878186907
77,0.11933262465681349,0.13208375080426535,0.055320076699767795,0.25779914491517203,0.0149185267750706
78,0.11866179181848253,0.1320741710662842,0.05485205216067178,0.2566408850295203,0.015065741348479475
79,0.11581256148644856,0.132698561668396,0.0515878586939403,0.2544043566840036,0.014388767583029611
80,0.11853230382714952,0.12769200118382773,0.054503170371055606,0.25693231442996434,0.015114954058613095
81,0.11323748458283288,0.1290613274971644,0.049433019169739315,0.2507890548365457,0.013811180839581149
82,0.11517207050323486,0.13232891432444255,0.05125523103134973,0.2530846920694624,0.01438272431918553
83,0.11258412648950304,0.13281430101394653,0.04885264040316854,0.2499524802480425,0.01353043629016195
84,0.11241337854521616,0.1280007639726003,0.0481038786641189,0.25091901275089806,0.013547136895358563
85,0.11557247517790113,0.13103862424691518,0.05206202916588102,0.25271188371522085,0.014387438976338932
86,0.1171512223652431,0.1286368190050125,0.05377741341079984,0.2541123411996024,0.015016306008611407
87,0.11359185074908393,0.1256715441942215,0.04920495628459113,0.25232278825555526,0.014020459111247744
88,0.11381728071825845,0.12882629863421122,0.050273437488291946,0.2508869864089148,0.013997186367533037
89,0.11668670782021114,0.1294902944167455,0.05393769516263689,0.2523710822377886,0.014823350035718509
90,0.1158752771445683,0.13369522309303283,0.05185165412085397,0.2540696790558951,0.014403808240379606
91,0.1137283399956567,0.12905603555838266,0.04971307470117296,0.251734336239951,0.013973802564399583
92,0.11552102452516556,0.1265675944884618,0.050911301519189565,0.254863242149353,0.014293413112206119
93,0.10939565997464316,0.12984485065937043,0.04518842201573508,0.24746220915658135,0.01287504121022565
94,0.11425702432223729,0.12608722412586212,0.04996186074188778,0.25287934599603923,0.013937164357730321
95,0.11495600855350495,0.1293638741572698,0.05175837889739445,0.2514137582438333,0.014331219967986857
96,0.11247116608279092,0.12597001616160075,0.048529666615383965,0.25023511614118304,0.013661756541579962
97,0.10915672267334801,0.12343218433856964,0.04471242077222892,0.24768481237547738,0.01276196796127728
98,0.11336885242802756,0.12514871527751287,0.04918205322538104,0.25171217952455793,0.013671658460583005
99,0.11277868094614574,0.12927947509288787,0.04958310124703816,0.24905311512947081,0.013946040614375045
0,0.3586913135392325,0.26752187832196556,0.3744538121904646,0.35608238002232145,0.0695308981537819
1,0.24046008695874896,0.22715850321451822,0.20237174819196974,0.33597063653809683,0.04712162156190191
2,0.21363135032994407,0.2151822253863017,0.16803862704549516,0.32206824098314557,0.04111710426211357
3,0.20273451704638346,0.21221313162644703,0.15168655863830022,0.32130844048091345,0.03795465612411499
4,0.1928169719491686,0.2028420195976893,0.1403805195433753,0.3134316280909947,0.03539962674464498
5,0.18849318064962114,0.19954751149813335,0.13307356873580387,0.3148234979765756,0.033582459709474016
6,0.1801740381206785,0.1952861080567042,0.12322196098736354,0.3089353744813374,0.03160235544187682
7,0.19044591220787593,0.1911676918665568,0.1324682843514851,0.32201460116250175,0.03431175123367991
8,0.17557617725644792,0.17861901247501374,0.11647916429383415,0.3082859141486032,0.03041923693673951
9,0.1690273186819894,0.1776698523759842,0.10810289114713668,0.30493209976809366,0.028468207035745895
10,0.1598341259275164,0.17847511998812357,0.09835471313340323,0.2961754058769771,0.02600974834391049
11,0.1524516283103398,0.1678730686903,0.09103797675882067,0.288026070526668,0.024980358294078284
12,0.15722230390139988,0.1673528122107188,0.09649900412559509,0.2918229558127267,0.0256819378052439
13,0.15594992850508008,0.1662278672059377,0.09298586590375219,0.2949339044094086,0.02539159108591931
14,0.15116848496028354,0.16271161886056265,0.08670720719439642,0.2928114956276757,0.02396410807222128
15,0.15519500774145126,0.16109217516581217,0.09161800817080906,0.295415312903268,0.024532088799136025
16,0.15022203958034516,0.15642364088694255,0.08726262006163597,0.2887830740724291,0.023800225883722305
17,0.14734848323038646,0.1524604118267695,0.08295523677979197,0.28856483617850714,0.023050031996199063
18,0.14564686428649085,0.14942791589101156,0.08160512415851866,0.28605240045275004,0.022426445685327052
19,0.14493564034359796,0.16074897197882335,0.08020463988610677,0.28664144710132056,0.022497695927109037
20,0.14131191570418222,0.14954784015814462,0.07782702420439039,0.2802665833405086,0.021463176969970976
21,0.14959400834356035,0.15339470760027568,0.08535481077006885,0.2906951070853642,0.023367116811020033
22,0.1400316061973572,0.1519406259059906,0.07594246520314898,0.2801144138404301,0.020986475069608008
23,0.1464337056194033,0.15231557095050813,0.08212344653265817,0.287414904492242,0.02282703603591238
24,0.1419564381497247,0.14814962502320608,0.07734735098055431,0.28322748364721023,0.021427859578813824
25,0.1348376977784293,0.1419509077469508,0.0703527608620269,0.2752896239246641,0.02001729512746845
26,0.13082130360603333,0.1487159555355708,0.06592346217802593,0.27182993820735385,0.018691915648856333
27,0.14033237943478993,0.14789355889956157,0.07524591800570488,0.2824073442050389,0.021312099018267222
28,0.13809903060538428,0.15208522379398345,0.07391905391003405,0.27819218145098007,0.020767206347414427
29,0.1361983415058681,0.1401007733742396,0.07152255409530231,0.27712629781450543,0.020434642515012195
30,0.13852473780087063,0.14581085888544718,0.07338956780944551,0.28056867708478656,0.02078885746108634
31,0.1403299061485699,0.14911484607060752,0.0741154464014939,0.28472914821761,0.020626766363424913
32,0.13732167427880423,0.15052854736646015,0.07174488164697375,0.280183737550463,0.020237019283430916
33,0.13734946809496199,0.14278632362683613,0.07169197988510131,0.280375737292426,0.020236652197582382
34,0.13433446386882236,0.1457249616384506,0.06896964448264667,0.2765407017128808,0.01956860253321273
35,0.13610971479756492,0.1433457165559133,0.07108961192199162,0.277742579630443,0.02018324874128614
36,0.13778955680131913,0.15045775496959687,0.07268793256367956,0.279708571093423,0.020632022808705058
37,0.12847428705011096,0.1434613254070282,0.06300286063551903,0.27048817477907455,0.017764039253549916
38,0.13373247301578522,0.14001917040348053,0.06742383357456752,0.277833571263722,0.01889441738171237
39,0.13069818455832344,0.14169899062315622,0.06362954449653625,0.27610534405708315,0.01799952262001378
40,0.13044039861645018,0.13646930678685507,0.06399074603830066,0.2745438793046134,0.01839872471988201
41,0.12451724650178637,0.14216946605841319,0.05832082440384797,0.26768668373993465,0.016751433217099734
42,0.128252996972629,0.1418482367992401,0.0617177084173475,0.2723955875805446,0.01753297398984432
43,0.12735039814880916,0.13995092209180196,0.06125361665657588,0.2705157289164407,0.017632852273327965
44,0.1280790120618684,0.13867831762631735,0.06197616875597409,0.2713208153929029,0.017717969028013092
45,0.12765492276634488,0.14003319076697032,0.0617210692848478,0.27053391541753496,0.01754217897036246
46,0.1256667855467115,0.14228671379884084,0.0598695148399898,0.26810762310028075,0.017203936904668808
47,0.12918926365886416,0.13957885575294496,0.06331688236551625,0.2720485806635448,0.01804384229491864
48,0.1240422431060246,0.13855681240558623,0.05908931764534542,0.2646478191443852,0.017045125641993113
49,0.12540907279082708,0.13677522683143617,0.06041033591542925,0.26620933781351364,0.017381260565349034
50,0.12370698136091232,0.13609006265799203,0.0570505973313536,0.2677350571836744,0.016554015252207007
51,0.12344482823780605,0.14100579929351806,0.057591740523065836,0.2658202177797045,0.016752800673246384
52,0.12362016519478389,0.13664829150835672,0.05801648673840931,0.2655196130956922,0.016699382177421025
53,0.12025919389724732,0.13968727286656699,0.05411394951173237,0.26299307005746025,0.015825441192303384
54,0.11904146466936384,0.1392148345708847,0.053138081584657944,0.26120282135690964,0.015495668130261557
55,0.11803023866244725,0.14128180638949075,0.05331880790846688,0.2576808115925108,0.015753207186503068
56,0.12283068020003182,0.1331020000775655,0.057613230517932344,0.2638888081141881,0.016598530335085734
57,0.12323572873217718,0.13430109747250873,0.05868523842522076,0.2629540797982897,0.01706212807659592
58,0.12342453954901014,0.13587315891186397,0.058293299240725384,0.2643623668295996,0.016671182547296798
59,0.12182549782310213,0.13478189305464428,0.05603021589347294,0.26395566071782794,0.016429629652627877
60,0.12441365223271506,0.13408588178952535,0.05862937763759068,0.2667469366959163,0.016766416749783925
61,0.12322580938679831,0.1341054988304774,0.05768115864481245,0.26494246336391997,0.016952407302600996
62,0.12198520683390754,0.13288421756029128,0.05656510684319905,0.2633905678987503,0.016333730374063764
63,0.12086553376061576,0.13350802838802336,0.05543432351521083,0.2621929370675768,0.016215811950819833
64,0.12150932345220021,0.1325514176686605,0.056696185593094146,0.26163868480069297,0.016478600404092245
65,0.12281699277673448,0.13362959118684134,0.05715643952574049,0.26476138864244736,0.01658420885673591
66,0.12249461195298604,0.1378567639986674,0.05788454714843205,0.26229549811567576,0.01668715542661292
67,0.12092510500976017,0.1369191569884618,0.055843240322811266,0.26156993232454573,0.01611424472395863
68,0.11839759694678442,0.12937203709284464,0.0523885664003236,0.2607083954981395,0.015470341448272978
69,0.12288958148445402,0.13167114984989167,0.058099759555288726,0.26307581540516445,0.016823809272476606
70,0.12397875664063862,0.1292569757302602,0.05811384015423911,0.266440913779395,0.016655644970280784
71,0.11859656086989812,0.13161669369538626,0.052871632192816057,0.2603533389908927,0.015527455415044512
72,0.11972773502554213,0.1339174893697103,0.05461779836033072,0.2603225644997188,0.015978274856294904
73,0.12035641511848995,0.1321126983165741,0.054650603243282865,0.26220539946215493,0.015982911674039705
74,0.12132765637125288,0.13387071001529693,0.056141705217106,0.26219689181872774,0.016354484835905687
75,0.11719784855842591,0.13327677806218466,0.05204094234534672,0.25771383922440666,0.015176174031836647
76,0.12272196401868547,0.13455751021703086,0.05719175169297627,0.264386031797954,0.01668563112616539
77,0.11746950733661651,0.1307000391880671,0.05264772259763309,0.25730996767112185,0.015500703138964516
78,0.11951705226727895,0.13486124193668367,0.053969272643327716,0.26100055360794067,0.01563773559459618
79,0.11932728564739227,0.13170965993404388,0.05371303399120058,0.26091493126324244,0.015735980847052165
80,0.11691366112232209,0.13280694735050202,0.05065162019218717,0.2596440173217229,0.014851029930370194
81,0.11781873709814888,0.1292394256989161,0.051995739817619326,0.2597251854624067,0.015214327218277113
82,0.11632752143485206,0.12775959249337515,0.05112455457874707,0.2568681866952351,0.014980324071432863
83,0.11715559349741254,0.13100256192684173,0.052116428021873745,0.25741419798987253,0.015352945094662054
84,0.11916708101545061,0.13292091262340547,0.05425677911724363,0.25934344821316857,0.01560955649720771
85,0.11754014848811285,0.1358281246026357,0.0524798643887043,0.2578724023614611,0.015423395682658467
86,0.11608615222147532,0.1292458848953247,0.05100355871447495,0.25635656925610134,0.015033955277076788
87,0.11900215972321374,0.13270277786254883,0.05423878432171685,0.25885930507523675,0.015698314804051604
88,0.118748814702034,0.13119996043046314,0.054639632165431974,0.2572601136139461,0.015819609349327426
89,0.11966504159143992,0.13193066068490347,0.05348297889743533,0.2624263823713575,0.015693002898778233
90,0.11594246242727552,0.13050387835502625,0.05058839720061847,0.2567374257360186,0.015074244284204074
91,0.11898176068919046,0.1371009871562322,0.053667658388614654,0.25995413037708825,0.015540224911911147
92,0.11794528143746512,0.13086307152112325,0.05334813749790192,0.25739485103743415,0.01539255641400814
93,0.11875297582149505,0.1304251744747162,0.05448956915310451,0.2575581772668021,0.015969207495450975
94,0.11477755178724017,0.1308238452275594,0.050002222623143876,0.25432052390916005,0.014854528990175043
95,0.11639373267548425,0.12502399826049804,0.051470589077898435,0.2563585303340639,0.015208748255457196
96,0.11735361975431442,0.12904524290561675,0.052448888610516275,0.25736533619676316,0.015331191851624421
97,0.11586724699395043,0.13019189131259917,0.050445377375398365,0.25680328386170526,0.014944385888321058
98,0.11580624103546143,0.12794488445917765,0.051005517636026655,0.2554844906670707,0.015038349765752043
99,0.11889026294435774,0.12889939689636232,0.05358823814562389,0.25980450442859104,0.015788482604282242
